Metric,Value
design__lint_error__count,0
design__lint_timing_construct__count,0
design__lint_warning__count,0
design__inferred_latch__count,0
design__instance__count,113
design__instance__area,1101.06
design__instance_unmapped__count,0
synthesis__check_error__count,0
design__max_slew_violation__count__corner:nom_tt_025C_1v80,0
design__max_fanout_violation__count__corner:nom_tt_025C_1v80,0
design__max_cap_violation__count__corner:nom_tt_025C_1v80,0
power__internal__total,0.000010124911568709649
power__switching__total,0.000006253500941966195
power__leakage__total,1.0798608673923127E-9
power__total,0.000016379493899876252
clock__skew__worst_hold__corner:nom_tt_025C_1v80,20.055795813992784
clock__skew__worst_setup__corner:nom_tt_025C_1v80,20.55579409314705
timing__hold__ws__corner:nom_tt_025C_1v80,0.46815369572716226
timing__setup__ws__corner:nom_tt_025C_1v80,29.133649206595745
timing__hold__tns__corner:nom_tt_025C_1v80,0.0
timing__setup__tns__corner:nom_tt_025C_1v80,0.0
timing__hold__wns__corner:nom_tt_025C_1v80,0
timing__setup__wns__corner:nom_tt_025C_1v80,0.0
timing__hold_vio__count__corner:nom_tt_025C_1v80,0
timing__hold_r2r__ws__corner:nom_tt_025C_1v80,0.468154
timing__hold_r2r_vio__count__corner:nom_tt_025C_1v80,0
timing__setup_vio__count__corner:nom_tt_025C_1v80,0
timing__setup_r2r__ws__corner:nom_tt_025C_1v80,Infinity
timing__setup_r2r_vio__count__corner:nom_tt_025C_1v80,0
design__max_slew_violation__count__corner:nom_ss_100C_1v60,0
design__max_fanout_violation__count__corner:nom_ss_100C_1v60,0
design__max_cap_violation__count__corner:nom_ss_100C_1v60,0
clock__skew__worst_hold__corner:nom_ss_100C_1v60,20.273014063528517
clock__skew__worst_setup__corner:nom_ss_100C_1v60,20.77301234268278
timing__hold__ws__corner:nom_ss_100C_1v60,1.2159756878914298
timing__setup__ws__corner:nom_ss_100C_1v60,28.600781219555603
timing__hold__tns__corner:nom_ss_100C_1v60,0.0
timing__setup__tns__corner:nom_ss_100C_1v60,0.0
timing__hold__wns__corner:nom_ss_100C_1v60,0
timing__setup__wns__corner:nom_ss_100C_1v60,0.0
timing__hold_vio__count__corner:nom_ss_100C_1v60,0
timing__hold_r2r__ws__corner:nom_ss_100C_1v60,1.215976
timing__hold_r2r_vio__count__corner:nom_ss_100C_1v60,0
timing__setup_vio__count__corner:nom_ss_100C_1v60,0
timing__setup_r2r__ws__corner:nom_ss_100C_1v60,Infinity
timing__setup_r2r_vio__count__corner:nom_ss_100C_1v60,0
design__max_slew_violation__count__corner:nom_ff_n40C_1v95,0
design__max_fanout_violation__count__corner:nom_ff_n40C_1v95,0
design__max_cap_violation__count__corner:nom_ff_n40C_1v95,0
clock__skew__worst_hold__corner:nom_ff_n40C_1v95,19.96410027134962
clock__skew__worst_setup__corner:nom_ff_n40C_1v95,20.46409855050388
timing__hold__ws__corner:nom_ff_n40C_1v95,0.1891377941133531
timing__setup__ws__corner:nom_ff_n40C_1v95,29.33851289396404
timing__hold__tns__corner:nom_ff_n40C_1v95,0.0
timing__setup__tns__corner:nom_ff_n40C_1v95,0.0
timing__hold__wns__corner:nom_ff_n40C_1v95,0
timing__setup__wns__corner:nom_ff_n40C_1v95,0.0
timing__hold_vio__count__corner:nom_ff_n40C_1v95,0
timing__hold_r2r__ws__corner:nom_ff_n40C_1v95,0.189138
timing__hold_r2r_vio__count__corner:nom_ff_n40C_1v95,0
timing__setup_vio__count__corner:nom_ff_n40C_1v95,0
timing__setup_r2r__ws__corner:nom_ff_n40C_1v95,Infinity
timing__setup_r2r_vio__count__corner:nom_ff_n40C_1v95,0
design__max_slew_violation__count,0
design__max_fanout_violation__count,0
design__max_cap_violation__count,0
clock__skew__worst_hold,20.311674694874622
clock__skew__worst_setup,20.45223959190865
timing__hold__ws,0.18212684653686456
timing__setup__ws,28.592112597934165
timing__hold__tns,0.0
timing__setup__tns,0.0
timing__hold__wns,0
timing__setup__wns,0.0
timing__hold_vio__count,0
timing__hold_r2r__ws,0.182127
timing__hold_r2r_vio__count,0
timing__setup_vio__count,0
timing__setup_r2r__ws,inf
timing__setup_r2r_vio__count,0
design__die__bbox,0.0 0.0 35.42 48.96
design__core__bbox,1.84 2.72 33.58 46.24
design__io,28
design__die__area,1734.16
design__core__area,1381.32
design__instance__count__stdcell,113
design__instance__area__stdcell,1101.06
design__instance__count__macros,0
design__instance__area__macros,0
design__instance__utilization,0.797101
design__instance__utilization__stdcell,0.797101
design__instance__count__class:buffer,3
design__instance__count__class:inverter,4
design__instance__count__class:sequential_cell,26
design__instance__count__class:multi_input_combinational_cell,30
flow__warnings__count,1
flow__errors__count,0
design__instance__count__class:fill_cell,79
design__instance__count__class:tap_cell,18
design__power_grid_violation__count__net:VPWR,0
design__power_grid_violation__count__net:VGND,0
design__power_grid_violation__count,0
timing__drv__floating__nets,0
timing__drv__floating__pins,0
design__instance__displacement__total,0
design__instance__displacement__mean,0
design__instance__displacement__max,0
route__wirelength__estimated,1788.65
design__violations,0
design__instance__count__class:clock_buffer,5
design__instance__count__class:timing_repair_buffer,27
design__instance__count__setup_buffer,0
design__instance__count__hold_buffer,0
antenna__violating__nets,0
antenna__violating__pins,0
route__antenna_violation__count,0
antenna_diodes_count,0
route__net,107
route__net__special,2
route__drc_errors__iter:1,20
route__wirelength__iter:1,1900
route__drc_errors__iter:2,11
route__wirelength__iter:2,1889
route__drc_errors__iter:3,7
route__wirelength__iter:3,1905
route__drc_errors__iter:4,7
route__wirelength__iter:4,1905
route__drc_errors__iter:5,2
route__wirelength__iter:5,1910
route__drc_errors__iter:6,0
route__wirelength__iter:6,1916
route__drc_errors,0
route__wirelength,1916
route__vias,604
route__vias__singlecut,604
route__vias__multicut,0
design__disconnected_pin__count,0
design__critical_disconnected_pin__count,0
route__wirelength__max,92.02
timing__unannotated_net__count__corner:nom_tt_025C_1v80,1
timing__unannotated_net_filtered__count__corner:nom_tt_025C_1v80,0
timing__unannotated_net__count__corner:nom_ss_100C_1v60,1
timing__unannotated_net_filtered__count__corner:nom_ss_100C_1v60,0
timing__unannotated_net__count__corner:nom_ff_n40C_1v95,1
timing__unannotated_net_filtered__count__corner:nom_ff_n40C_1v95,0
design__max_slew_violation__count__corner:min_tt_025C_1v80,0
design__max_fanout_violation__count__corner:min_tt_025C_1v80,0
design__max_cap_violation__count__corner:min_tt_025C_1v80,0
clock__skew__worst_hold__corner:min_tt_025C_1v80,20.03796119082081
clock__skew__worst_setup__corner:min_tt_025C_1v80,20.53795946997507
timing__hold__ws__corner:min_tt_025C_1v80,0.4580358444395422
timing__setup__ws__corner:min_tt_025C_1v80,29.137720616586797
timing__hold__tns__corner:min_tt_025C_1v80,0.0
timing__setup__tns__corner:min_tt_025C_1v80,0.0
timing__hold__wns__corner:min_tt_025C_1v80,0
timing__setup__wns__corner:min_tt_025C_1v80,0.0
timing__hold_vio__count__corner:min_tt_025C_1v80,0
timing__hold_r2r__ws__corner:min_tt_025C_1v80,0.458036
timing__hold_r2r_vio__count__corner:min_tt_025C_1v80,0
timing__setup_vio__count__corner:min_tt_025C_1v80,0
timing__setup_r2r__ws__corner:min_tt_025C_1v80,Infinity
timing__setup_r2r_vio__count__corner:min_tt_025C_1v80,0
timing__unannotated_net__count__corner:min_tt_025C_1v80,1
timing__unannotated_net_filtered__count__corner:min_tt_025C_1v80,0
design__max_slew_violation__count__corner:min_ss_100C_1v60,0
design__max_fanout_violation__count__corner:min_ss_100C_1v60,0
design__max_cap_violation__count__corner:min_ss_100C_1v60,0
clock__skew__worst_hold__corner:min_ss_100C_1v60,20.242679216924152
clock__skew__worst_setup__corner:min_ss_100C_1v60,20.742677496078414
timing__hold__ws__corner:min_ss_100C_1v60,1.1972223551405936
timing__setup__ws__corner:min_ss_100C_1v60,28.607375056329943
timing__hold__tns__corner:min_ss_100C_1v60,0.0
timing__setup__tns__corner:min_ss_100C_1v60,0.0
timing__hold__wns__corner:min_ss_100C_1v60,0
timing__setup__wns__corner:min_ss_100C_1v60,0.0
timing__hold_vio__count__corner:min_ss_100C_1v60,0
timing__hold_r2r__ws__corner:min_ss_100C_1v60,1.197222
timing__hold_r2r_vio__count__corner:min_ss_100C_1v60,0
timing__setup_vio__count__corner:min_ss_100C_1v60,0
timing__setup_r2r__ws__corner:min_ss_100C_1v60,Infinity
timing__setup_r2r_vio__count__corner:min_ss_100C_1v60,0
timing__unannotated_net__count__corner:min_ss_100C_1v60,1
timing__unannotated_net_filtered__count__corner:min_ss_100C_1v60,0
design__max_slew_violation__count__corner:min_ff_n40C_1v95,0
design__max_fanout_violation__count__corner:min_ff_n40C_1v95,0
design__max_cap_violation__count__corner:min_ff_n40C_1v95,0
clock__skew__worst_hold__corner:min_ff_n40C_1v95,19.95224131275439
clock__skew__worst_setup__corner:min_ff_n40C_1v95,20.45223959190865
timing__hold__ws__corner:min_ff_n40C_1v95,0.18212684653686456
timing__setup__ws__corner:min_ff_n40C_1v95,29.341419013835488
timing__hold__tns__corner:min_ff_n40C_1v95,0.0
timing__setup__tns__corner:min_ff_n40C_1v95,0.0
timing__hold__wns__corner:min_ff_n40C_1v95,0
timing__setup__wns__corner:min_ff_n40C_1v95,0.0
timing__hold_vio__count__corner:min_ff_n40C_1v95,0
timing__hold_r2r__ws__corner:min_ff_n40C_1v95,0.182127
timing__hold_r2r_vio__count__corner:min_ff_n40C_1v95,0
timing__setup_vio__count__corner:min_ff_n40C_1v95,0
timing__setup_r2r__ws__corner:min_ff_n40C_1v95,Infinity
timing__setup_r2r_vio__count__corner:min_ff_n40C_1v95,0
timing__unannotated_net__count__corner:min_ff_n40C_1v95,1
timing__unannotated_net_filtered__count__corner:min_ff_n40C_1v95,0
design__max_slew_violation__count__corner:max_tt_025C_1v80,0
design__max_fanout_violation__count__corner:max_tt_025C_1v80,0
design__max_cap_violation__count__corner:max_tt_025C_1v80,0
clock__skew__worst_hold__corner:max_tt_025C_1v80,20.078538511250834
clock__skew__worst_setup__corner:max_tt_025C_1v80,20.578536790405096
timing__hold__ws__corner:max_tt_025C_1v80,0.4782592235388604
timing__setup__ws__corner:max_tt_025C_1v80,29.128153158379202
timing__hold__tns__corner:max_tt_025C_1v80,0.0
timing__setup__tns__corner:max_tt_025C_1v80,0.0
timing__hold__wns__corner:max_tt_025C_1v80,0
timing__setup__wns__corner:max_tt_025C_1v80,0.0
timing__hold_vio__count__corner:max_tt_025C_1v80,0
timing__hold_r2r__ws__corner:max_tt_025C_1v80,0.478259
timing__hold_r2r_vio__count__corner:max_tt_025C_1v80,0
timing__setup_vio__count__corner:max_tt_025C_1v80,0
timing__setup_r2r__ws__corner:max_tt_025C_1v80,Infinity
timing__setup_r2r_vio__count__corner:max_tt_025C_1v80,0
timing__unannotated_net__count__corner:max_tt_025C_1v80,1
timing__unannotated_net_filtered__count__corner:max_tt_025C_1v80,0
design__max_slew_violation__count__corner:max_ss_100C_1v60,0
design__max_fanout_violation__count__corner:max_ss_100C_1v60,0
design__max_cap_violation__count__corner:max_ss_100C_1v60,0
clock__skew__worst_hold__corner:max_ss_100C_1v60,20.311674694874622
clock__skew__worst_setup__corner:max_ss_100C_1v60,20.811672974028884
timing__hold__ws__corner:max_ss_100C_1v60,1.2344863258822194
timing__setup__ws__corner:max_ss_100C_1v60,28.592112597934165
timing__hold__tns__corner:max_ss_100C_1v60,0.0
timing__setup__tns__corner:max_ss_100C_1v60,0.0
timing__hold__wns__corner:max_ss_100C_1v60,0
timing__setup__wns__corner:max_ss_100C_1v60,0.0
timing__hold_vio__count__corner:max_ss_100C_1v60,0
timing__hold_r2r__ws__corner:max_ss_100C_1v60,1.234486
timing__hold_r2r_vio__count__corner:max_ss_100C_1v60,0
timing__setup_vio__count__corner:max_ss_100C_1v60,0
timing__setup_r2r__ws__corner:max_ss_100C_1v60,Infinity
timing__setup_r2r_vio__count__corner:max_ss_100C_1v60,0
timing__unannotated_net__count__corner:max_ss_100C_1v60,1
timing__unannotated_net_filtered__count__corner:max_ss_100C_1v60,0
design__max_slew_violation__count__corner:max_ff_n40C_1v95,0
design__max_fanout_violation__count__corner:max_ff_n40C_1v95,0
design__max_cap_violation__count__corner:max_ff_n40C_1v95,0
clock__skew__worst_hold__corner:max_ff_n40C_1v95,19.979183317699544
clock__skew__worst_setup__corner:max_ff_n40C_1v95,20.479181596853806
timing__hold__ws__corner:max_ff_n40C_1v95,0.19613561330220416
timing__setup__ws__corner:max_ff_n40C_1v95,29.33448056382456
timing__hold__tns__corner:max_ff_n40C_1v95,0.0
timing__setup__tns__corner:max_ff_n40C_1v95,0.0
timing__hold__wns__corner:max_ff_n40C_1v95,0
timing__setup__wns__corner:max_ff_n40C_1v95,0.0
timing__hold_vio__count__corner:max_ff_n40C_1v95,0
timing__hold_r2r__ws__corner:max_ff_n40C_1v95,0.196136
timing__hold_r2r_vio__count__corner:max_ff_n40C_1v95,0
timing__setup_vio__count__corner:max_ff_n40C_1v95,0
timing__setup_r2r__ws__corner:max_ff_n40C_1v95,Infinity
timing__setup_r2r_vio__count__corner:max_ff_n40C_1v95,0
timing__unannotated_net__count__corner:max_ff_n40C_1v95,1
timing__unannotated_net_filtered__count__corner:max_ff_n40C_1v95,0
timing__unannotated_net__count,1
timing__unannotated_net_filtered__count,0
design_powergrid__voltage__worst__net:VPWR__corner:nom_tt_025C_1v80,1.8
design_powergrid__drop__average__net:VPWR__corner:nom_tt_025C_1v80,1.8
design_powergrid__drop__worst__net:VPWR__corner:nom_tt_025C_1v80,0.00000293143
design_powergrid__voltage__worst__net:VGND__corner:nom_tt_025C_1v80,0.00000317296
design_powergrid__drop__average__net:VGND__corner:nom_tt_025C_1v80,4.94154E-7
design_powergrid__drop__worst__net:VGND__corner:nom_tt_025C_1v80,0.00000317296
design_powergrid__voltage__worst,0.00000317296
design_powergrid__voltage__worst__net:VPWR,1.8
design_powergrid__drop__worst,0.00000317296
design_powergrid__drop__worst__net:VPWR,0.00000293143
design_powergrid__voltage__worst__net:VGND,0.00000317296
design_powergrid__drop__worst__net:VGND,0.00000317296
ir__voltage__worst,1.8000000000000000444089209850062616169452667236328125
ir__drop__avg,5.430000000000000315441574770536359295647343969903886318206787109375E-7
ir__drop__worst,0.0000029299999999999998991757031718830006639109342359006404876708984375
design__xor_difference__count,0
magic__drc_error__count,0
klayout__drc_error__count,0
magic__illegal_overlap__count,0
design__lvs_device_difference__count,0
design__lvs_net_difference__count,0
design__lvs_property_fail__count,0
design__lvs_error__count,0
design__lvs_unmatched_device__count,0
design__lvs_unmatched_net__count,0
design__lvs_unmatched_pin__count,0
